{
  "project_info": {
    "project_number": "62657864771",
    "firebase_url": "https://travelmantics-cbe4b.firebaseio.com",
    "project_id": "travelmantics-cbe4b",
    "storage_bucket": "travelmantics-cbe4b.appspot.com"
  },
  "client": [
    {
      "client_info": {
        "mobilesdk_app_id": "1:62657864771:android:abe6f29576a276b7",
        "android_client_info": {
          "package_name": "com.geneowak.alc_4_challenge_2"
        }
      },
      "oauth_client": [
        {
          "client_id": "62657864771-uqivapgj30vr1l7o7c8rmnr6bldgru0o.apps.googleusercontent.com",
          "client_type": 1,
          "android_info": {
            "package_name": "com.geneowak.alc_4_challenge_2",
            "certificate_hash": "d90bb25ccf9ad23e53153c4d35efe736d8a4b8d7"
          }
        },
        {
          "client_id": "62657864771-3h1quj1n50kebv6os14qs5h00qest0sp.apps.googleusercontent.com",
          "client_type": 3
        }
      ],
      "api_key": [
        {
          "current_key": "AIzaSyC3ujNQLNHB5qyNglifHSUeCKFyXCB7QJ8"
        }
      ],
      "services": {
        "appinvite_service": {
          "other_platform_oauth_client": [
            {
              "client_id": "62657864771-3h1quj1n50kebv6os14qs5h00qest0sp.apps.googleusercontent.com",
              "client_type": 3
            }
          ]
        }
      }
    }
  ],
  "configuration_version": "1"
}